{"Via Garibaldi, Crevacuore, Biella": [45.6867789, 8.2539669], "Piane, Campiglia Cervo, Biella": [45.6451562, 8.0381438], "Molino, Campiglia Cervo, Biella": [45.6402318, 8.0253614], "Chiavazza, Biella": [45.5719841, 8.0653991], "Tollegno, Biella": [45.5930492, 8.0516761], "Pralungo, Biella": [45.5921482, 8.0379244], "Pray, Biella": [45.6761963, 8.2087139], "Crevacuore, Biella": [45.686868, 8.246722], "Muzzano, Biella": [45.560762, 7.988919], "Frera, Valdilana, Biella": [45.68857, 8.1247991], "torno, Bognanco": [46.1214396, 8.2410728], "bassogno, Varzo": [46.2118609, 8.2566441], "Valle, Biella, Biella, Italia": [45.6055099, 8.0071889], "Frera, Valdilana, Biella, Italia": [45.68857, 8.1247991], "Frera, Locana, Torino, Italia": [45.4329756, 7.3615882], "Ronchietto, Valprato Soana, Torino, Italia": [45.5376998, 7.5690407], "Cornetti, Balme, Torino, Italia": [45.3002985, 7.2194135], "Meano, , Torino, Italia": [45.1264394, 7.0180268], "Desert, Cesana Torinese, Torino, Italia": null, "Osso, Baceno, VCO, Italia": [46.2762913, 8.2951271], "Torno, Bognanco, VCO, Italia": null, "Prestinone, Craveggia, VCO, Italia": [46.1383277, 8.4783917], "Valdo, Formazza, VCO, Italia": [46.3728558, 8.427409], "Iselle, Trasquera, VCO, Italia": null, "Bassogno, Varzo, VCO, Italia": [46.2118609, 8.2566441], "Balbalonesca, Varzo, VCO, Italia": null}