{
  "Via Garibaldi, Crevacuore, Biella": [
    45.6867789,
    8.2539669
  ],
  "Piane, Campiglia Cervo, Biella": [
    45.6451562,
    8.0381438
  ],
  "Molino, Campiglia Cervo, Biella": [
    45.6402318,
    8.0253614
  ],
  "Chiavazza, Biella": [
    45.5719841,
    8.0653991
  ],
  "Tollegno, Biella": [
    45.5930492,
    8.0516761
  ],
  "Pralungo, Biella": [
    45.5921482,
    8.0379244
  ],
  "Pray, Biella": [
    45.6761963,
    8.2087139
  ],
  "Crevacuore, Biella": [
    45.686868,
    8.246722
  ],
  "Muzzano, Biella": [
    45.560762,
    7.988919
  ],
  "Frera, Valdilana, Biella": [
    45.68857,
    8.1247991
  ],
  "torno, Bognanco": [
    46.1214396,
    8.2410728
  ],
  "iselle dalla, Trasquera": null,
  "bassogno, Varzo": [
    46.2118609,
    8.2566441
  ]
}