{
"NO-SALM-02": [
45.819324,
8.394268
],
"TO-TUR-06": [
45.051802,
6.862745
],
"TO-PROT-003": [
45.046686,
7.890251
],
"TO-PROT-004": [
45.066035,
7.387576
],
"TO-PROT-006": [
45.054412,
7.391526
],
"TO-PROT-014": [
45.325457,
7.911371
],
"TO-PROT-028": [
45.433112,
7.222296
],
"TO-PROT-030": [
45.433112,
7.222296
],
"TO-PROT-084": [
44.827713,
7.020914
],
"TO-PROT-108": [
45.462414,
7.795964
],
"TO-DEP-03": [
45.416542,
8.034174
],
"TO-DEP-04": [
45.325457,
7.911371
],
"TO-DEP-05": [
45.493652,
7.874348
],
"TO-DEP-06": [
45.486127,
7.884484
],
"TO-DEP-18": [
45.066035,
7.387576
],
"TO-DEP-19": [
45.054412,
7.391526
],
"VDA-TUR-03": [
45.860053,
7.610275
],
"VDA-RIS-02": [
45.688231,
6.882519
],
"VCO-CON-03": [
45.951164,
8.673135
],
"VCO-CON-04": [
45.951164,
8.673135
],
"VCO-DDEP-01": [
45.951164,
8.673135
],
"VCO-CON-05": [
45.819414,
8.405789
]
}